episode_id,priority_rank,mo,start_month,end_month,peak_month,direction,n_signal_months,max_score_ratio,max_abs_surprise_pct,profile_type,n_interpretable_categories,main_driver,main_driver_z,supporting_categories,search_start,search_end,audit_group,external_event_date,event_type,source_class,source_name,source_url,event_summary,geo_match,time_match,direction_consistency,category_consistency,evidence_status,review_notes
Все категории|внутригородская территория города федерального значения поселение Киевский|0|episode_1,1,внутригородская территория города федерального значения поселение Киевский,2024-04-01,2024-08-01,2024-06-01,positive,5,4.834748100963201,37.15232786370726,broad_local,5,Продовольствие,13.577642271299643,Продовольствие; Общественное питание; Транспорт; Маркетплейсы; Здоровье,2024-03-01,2024-09-01,A_structural,2024-05-08,administrative_reform,official_municipal,Муниципальный округ Бекасово — историческая справка,https://mobekasovo.ru/city/history.php,Законом Москвы от 8 мая 2024 года муниципальный округ Бекасово образован в ходе административно-территориальных преобразований с включением поселения Киевский.,exact,inside_episode,not_testable,broad_structural_pattern,strong_match,"Episode апрель–август, peak — июнь. Реформа произошла внутри episode. Все 5 категорий имеют сильный согласованный сигнал. Это strong structural match, а не доказанный causal spending event."
Все категории|городской округ Мамоновский|0|episode_2,2,городской округ Мамоновский,2024-07-01,2024-09-01,2024-09-01,positive,3,3.046008693248316,28.94555581946869,broad_local,5,Маркетплейсы,5.408221480234167,Маркетплейсы; Транспорт; Общественное питание; Продовольствие; Здоровье,2024-06-01,2024-10-01,B_local_economic,2024-07-20,city_event,local_press,Большая районка — День города Мамоново,https://kaliningrad-vremya.ru/wp-content/uploads/2026/02/bolshaya_rayonka_no12_55_25_iyulya_2024.pdf,"20 июля 2024 года в Мамоново прошёл День города с праздничными, культурными и спортивными мероприятиями.",exact,inside_episode_far_from_peak,weak_positive_plausibility,weak_for_broad_persistent_shock,external_event_without_clear_link,"Episode июль–сентябрь, peak — сентябрь. Краткое июльское событие плохо объясняет устойчивый broad_local shock по пяти категориям."
Все категории|Старошайговский муниципальный район|0|episode_1,3,Старошайговский муниципальный район,2024-04-01,2024-05-01,2024-04-01,positive,2,2.963464631349357,55.7512936017236,sectoral,2,Продовольствие,4.706920169550299,Продовольствие; Маркетплейсы,2024-03-01,2024-06-01,C_unresolved,,unresolved,,,,"В фиксированном окне март–июнь 2024 не установлено локального события достаточной силы и качества источника, которое убедительно объясняло бы положительный episode Старошайговского района.",not_established,not_established,not_testable,unresolved,no_clear_explanation,"Shock очень большой по magnitude, но профиль sectoral: Продовольствие и Маркетплейсы. Общерегиональные события не используются как доказательство для конкретного МО."
Все категории|внутригородская территория города федерального значения поселение Кокошкино|0|episode_1,4,внутригородская территория города федерального значения поселение Кокошкино,2024-05-01,2024-09-01,2024-07-01,positive,5,2.6139992899092275,18.804461094606893,broad_local,5,Транспорт,6.264944890447336,Транспорт; Здоровье; Маркетплейсы; Общественное питание; Продовольствие,2024-04-01,2024-10-01,A_structural,2024-05-08,administrative_reform,official_municipal,Муниципальный округ Внуково — история района,https://www.munvnukovo.ru/mun-1/munokr/istoriya-rayona/,Закон Москвы №13 от 8 мая 2024 года изменил границы муниципального округа Внуково с включением территории поселения Кокошкино.,exact,inside_episode,not_testable,broad_structural_pattern,strong_match,"Episode май–сентябрь, peak — июль. Реформа произошла в начале episode. Все 5 категорий имеют сильный сигнал. Это структурное совпадение, но не доказательство причинности."
Все категории|городской округ Макаровский|0|episode_2,5,городской округ Макаровский,2024-10-01,2024-11-01,2024-10-01,positive,2,3.93624696330478,23.174084780829496,broad_local,4,Продовольствие,10.46080401546042,Продовольствие; Транспорт; Здоровье; Общественное питание,2024-09-01,2024-12-01,B_local_economic,2024-10-23,infrastructure_completion,regional_media,АСТВ — Новости Сахалинской области,https://www.astv.ru/news/society/2024-10-23-v-makarove-gotovyat-k-otkrytiyu-sportkompleks-s-ledovoj-arenoj,В октябре 2024 года в Макарове готовился к открытию универсальный спорткомплекс с ледовой ареной; строительные работы находились на финальной стадии.,exact,near_peak,plausible_positive,partial,possible_match,"Episode октябрь–ноябрь, peak — октябрь. Объект находится в точной географии и близко к peak month. Связь правдоподобна, но причинность не доказана."
Все категории|внутригородская территория города федерального значения поселение Щаповское|0|episode_1,6,внутригородская территория города федерального значения поселение Щаповское,2024-04-01,2024-06-01,2024-06-01,positive,3,2.0570755337970223,23.08228411957152,broad_local,5,Маркетплейсы,9.17610778243446,Маркетплейсы; Транспорт; Продовольствие; Общественное питание; Здоровье,2024-03-01,2024-07-01,A_structural,2024-05-08,administrative_reform,official_law,Закон города Москвы от 08.05.2024 №13,https://www.mos.ru/upload/documents/docs/343/Zakon13-ajbn2.pdf,Закон №13 изменил муниципальное устройство Новой Москвы; территория бывшего поселения Щаповское была распределена между новыми муниципальными образованиями.,exact,inside_episode,not_testable,broad_structural_pattern,strong_match,"Episode апрель–июнь, peak — июнь. Все 5 категорий сильные. Case важен как возможный structural break географически агрегированного ряда."
Все категории|городской округ город Коряжма|0|episode_2,7,городской округ город Коряжма,2024-11-01,2024-12-01,2024-12-01,positive,2,4.147378289469516,21.58959534657789,broad_local,5,Продовольствие,19.752703627672613,Продовольствие; Здоровье; Транспорт; Общественное питание; Маркетплейсы,2024-10-01,2025-01-01,B_local_economic,2024-12-15,infrastructure_construction,project_operator,Архангельский Экологический Оператор,https://aeo29.ru/%D0%BC%D1%83%D1%81%D0%BE%D1%80%D0%BE%D1%81%D0%BE%D1%80%D1%82%D0%B8%D1%80%D0%BE%D0%B2%D0%BE%D1%87%D0%BD%D1%8B%D0%B9-%D0%BA%D0%BE%D0%BC%D0%BF%D0%BB%D0%B5%D0%BA%D1%81-%D0%B2-%D0%BA%D0%BE%D1%80%D1%8F/,"К середине декабря 2024 года мусоросортировочный комплекс в Коряжме достиг примерно 70% готовности; продолжались строительство, лицензирование и подбор более 100 сотрудников.",exact,near_peak,plausible_positive,broad_but_indirect,possible_match,"Episode ноябрь–декабрь, peak — декабрь. Проект совпадает по времени с shock, но начался раньше. 15 декабря — техническая дата для формулировки источника 'на середину декабря'."
Все категории|Бай-Тайгинский муниципальный район|0|episode_4,8,Бай-Тайгинский муниципальный район,2024-10-01,2024-11-01,2024-10-01,negative,2,2.664314318856132,19.161783410331545,sectoral,2,Здоровье,-4.544529904519656,Здоровье; Транспорт,2024-09-01,2024-12-01,C_unresolved,,public_sector_wage_arrears_retrospective,official_court_retrospective,Бай-Тайгинский районный суд Республики Тыва,https://bai-taiginskiy--tva.sudrf.ru/modules.php?case_id=99450706&case_uid=88745386-30a6-4dc8-b996-b8367d95cae2&delo_id=1540005&name=sud_delo&name_op=case&srv_num=1,"Позднейшие судебные материалы подтверждают задолженности по заработной плате работников школы Бай-Тайгинского района за периоды, включающие 2024 год.",exact,2024_overlap_not_month_specific,plausible_negative,partial_indirect,possible_match,"Episode октябрь–ноябрь отрицательный. Задолженность по зарплате экономически согласуется с возможным снижением активности, но ретроспективный источник не позволяет установить начало проблемы именно в октябре–ноябре 2024. Поэтому event date пустая."
Все категории|городской округ город Волгореченск|0|episode_1,9,городской округ город Волгореченск,2024-05-01,2024-07-01,2024-07-01,negative,3,2.559603267978932,15.521229042314443,broad_local,3,Продовольствие,-5.571244179820951,Продовольствие; Здоровье; Общественное питание,2024-04-01,2024-08-01,B_local_economic,2024-06-29,city_anniversary,official_regional,Костромская областная Дума,https://www.kosoblduma.ru/press/article/Dvoiinoii_iubileii_01_07_2024.html,В конце июня 2024 года Волгореченск отметил 60-летие города и 55-летие пуска первого энергоблока Костромской ГРЭС.,exact,inside_episode_near_peak,inconsistent,inconsistent_with_negative_shock,external_event_without_clear_link,"Episode май–июль отрицательный, peak — июль. Массовое мероприятие находится рядом с peak, но плохо согласуется с широким снижением расходов."
Все категории|Котласский муниципальный округ|0|episode_1,10,Котласский муниципальный округ,2024-07-01,2024-08-01,2024-08-01,negative,2,3.281144842838572,17.360116443742612,broad_local,4,Маркетплейсы,-4.807366630376489,Маркетплейсы; Общественное питание; Продовольствие; Здоровье,2024-06-01,2024-09-01,C_unresolved,,unresolved,,,,"В фиксированном окне июнь–сентябрь 2024 не установлено локального подтверждённого события, которое убедительно объясняло бы отрицательный broad_local episode Котласского муниципального округа.",not_established,not_established,not_testable,unresolved,no_clear_explanation,Отдельные природные риски и инфраструктурные новости не дают достаточного основания для причинной интерпретации.
