feature,importance
yoy_mean3_pct,16.67419818517055
yoy_mean3,9.976152698242236
seasonal_vs_baseline_pct,7.47389649061593
seasonal_vs_baseline,6.970980635776728
yoy_log_pct,4.573534532356567
yoy_log,3.5396016025118957
baseline_log_pred,2.7427721780822383
vol6_pct,2.586542071776392
size_mean_2023,2.333052964697525
baseline_vs_level,2.27319784344151
baseline_log_pred_pct,2.015551721982669
level_log,1.9989375107508922
vol6,1.9770498460155763
vol3_pct,1.9250388696587055
trend3,1.9141949955336386
baseline_vs_level_pct,1.9077286888342189
level_log_pct,1.8593815479832225
panel_vs_baseline,1.856626761658259
size_group,1.842823240059964
all_disagreement_std,1.7164419735392455
trend3_pct,1.713490906467328
chronos_vs_baseline,1.4177790422895271
mom_log_pct,1.409158791958684
panel_vs_baseline_pct,1.3324427238226337
ets_vs_baseline_pct,1.2635955287382141
all_disagreement_range,1.242751229933265
chronos_vs_baseline_pct,1.1968371287936266
ets_vs_baseline,1.1616552828026119
snaive_vs_baseline,1.0378156646083112
panel_yoy_mad,1.0254593377067551
panel_yoy_median,1.0211634458785923
target_month_sin,0.9667138385959146
vol3,0.9205267790069659
mom_log,0.9065428428007626
baseline_disagreement_std,0.8305844716371912
all_disagreement_std_pct,0.7304740570272106
panel_mom_median,0.6796959513951936
baseline_disagreement_std_pct,0.5835245494763905
snaive_vs_baseline_pct,0.5607808900244243
target_month_cos,0.48248054416094655
all_disagreement_range_pct,0.4336374854687807
baseline_disagreement_range,0.4012346929390167
baseline_disagreement_range_pct,0.24812901382488792
panel_mom_mad,0.15920946361580243
h,0.11661197833902391
