episode_id,series_id,mo,direction,size_group,start_month,end_month,n_signal_months,max_score_ratio,mean_score_ratio,max_abs_robust_score,max_abs_surprise_pct,peak_month,peak_surprise_pct,peak_robust_score,peak_score_ratio,peak_actual_value,peak_prediction,score_pct_rank,magnitude_pct_rank,duration_pct_rank,priority_score,priority_rank,category_alignment_ok,profile_type,n_interpretable_categories,main_driver,main_driver_z,main_driver_surprise_pct,supporting_categories
Все категории|внутригородская территория города федерального значения поселение Киевский|0|episode_1,Все категории|внутригородская территория города федерального значения поселение Киевский|0,внутригородская территория города федерального значения поселение Киевский,positive,Q4,2024-04-01,2024-08-01,5,4.834748100963201,2.8428699627413536,12.570345062504321,37.15232786370726,2024-06-01,37.15232786370726,12.570345062504321,4.834748100963201,35035.0,25544.590125233182,1.0,0.9963680387409201,0.9993946731234867,0.998587570621469,1,True,broad_local,5,Продовольствие,13.577642271299643,27.185962386423924,Продовольствие; Общественное питание; Транспорт; Маркетплейсы; Здоровье
Все категории|городской округ Мамоновский|0|episode_2,Все категории|городской округ Мамоновский|0,городской округ Мамоновский,positive,Q2,2024-07-01,2024-09-01,3,3.046008693248316,1.9822167479768042,7.005819994471127,28.945555819468694,2024-09-01,28.945555819468694,7.005819994471127,3.046008693248316,21060.0,16332.474482087022,0.9915254237288136,0.9878934624697336,0.9830508474576272,0.9874899112187249,2,True,broad_local,5,Маркетплейсы,5.408221480234167,72.63109507556457,Маркетплейсы; Транспорт; Общественное питание; Продовольствие; Здоровье
Все категории|Старошайговский муниципальный район|0|episode_1,Все категории|Старошайговский муниципальный район|0,Старошайговский муниципальный район,positive,Q1,2024-04-01,2024-05-01,2,2.963464631349357,2.134577493919322,6.519622188968586,55.751293601723596,2024-04-01,55.751293601723596,6.519622188968586,2.963464631349357,21531.0,13823.962229846758,0.9903147699757869,1.0,0.914043583535109,0.9681194511702986,3,True,sectoral,2,Продовольствие,4.706920169550299,29.29115084693199,Продовольствие; Маркетплейсы
Все категории|внутригородская территория города федерального значения поселение Кокошкино|0|episode_1,Все категории|внутригородская территория города федерального значения поселение Кокошкино|0,внутригородская территория города федерального значения поселение Кокошкино,positive,Q4,2024-05-01,2024-09-01,5,2.6139992899092275,2.1211141597012806,6.796398153763992,18.804461094606893,2024-07-01,12.621274994955245,6.796398153763992,2.6139992899092275,39494.0,35067.974502836245,0.9757869249394673,0.9213075060532687,0.9993946731234867,0.9654963680387408,4,True,broad_local,5,Транспорт,6.264944890447336,35.843525973635735,Транспорт; Здоровье; Маркетплейсы; Общественное питание; Продовольствие
Все категории|городской округ Макаровский|0|episode_2,Все категории|городской округ Макаровский|0,городской округ Макаровский,positive,Q4,2024-10-01,2024-11-01,2,3.9362469633047796,2.8478036483971847,10.234242104592427,23.174084780829496,2024-10-01,23.174084780829496,10.234242104592427,3.9362469633047796,32733.0,26574.583491522302,0.9963680387409201,0.9600484261501211,0.914043583535109,0.95682001614205,5,True,broad_local,4,Продовольствие,10.46080401546042,12.33859847425338,Продовольствие; Транспорт; Здоровье; Общественное питание
Все категории|внутригородская территория города федерального значения поселение Щаповское|0|episode_1,Все категории|внутригородская территория города федерального значения поселение Щаповское|0,внутригородская территория города федерального значения поселение Щаповское,positive,Q4,2024-04-01,2024-06-01,3,2.0570755337970223,1.7697108944778128,5.348396387872258,23.08228411957152,2024-06-01,14.862952754344683,5.348396387872258,2.0570755337970223,42233.0,36768.16500645161,0.9249394673123487,0.9588377723970944,0.9830508474576272,0.9556093623890235,6,True,broad_local,5,Маркетплейсы,9.176107782434459,31.864122023172992,Маркетплейсы; Транспорт; Продовольствие; Общественное питание; Здоровье
Все категории|городской округ город Коряжма|0|episode_2,Все категории|городской округ город Коряжма|0,городской округ город Коряжма,positive,Q4,2024-11-01,2024-12-01,2,4.147378289469516,2.9399157632976873,10.783183552620741,21.589595346577894,2024-12-01,21.589595346577894,10.783183552620741,4.147378289469516,39238.0,32270.8533474072,0.9975786924939467,0.9443099273607748,0.914043583535109,0.9519774011299434,7,True,broad_local,5,Продовольствие,19.752703627672613,28.554695035989308,Продовольствие; Здоровье; Транспорт; Общественное питание; Маркетплейсы
Все категории|Бай-Тайгинский муниципальный район|0|episode_4,Все категории|Бай-Тайгинский муниципальный район|0,Бай-Тайгинский муниципальный район,negative,Q1,2024-10-01,2024-11-01,2,2.664314318856132,2.1153097349394177,5.86149150148349,19.161783410331545,2024-10-01,-19.161783410331545,-5.86149150148349,2.664314318856132,18882.0,23357.764182062892,0.9794188861985472,0.927360774818402,0.914043583535109,0.940274414850686,8,True,sectoral,2,Здоровье,-4.544529904519656,-37.27392371168185,Здоровье; Транспорт
Все категории|городской округ город Волгореченск|0|episode_1,Все категории|городской округ город Волгореченск|0,городской округ город Волгореченск,negative,Q3,2024-05-01,2024-07-01,3,2.559603267978932,2.0071073521427927,5.887087516351543,15.521229042314443,2024-07-01,-15.521229042314443,-5.887087516351543,2.559603267978932,21597.0,25565.002609729832,0.9697336561743342,0.8680387409200968,0.9830508474576272,0.940274414850686,9,True,broad_local,3,Продовольствие,-5.571244179820951,-15.507522771281291,Продовольствие; Здоровье; Общественное питание
Все категории|Котласский муниципальный округ|0|episode_1,Все категории|Котласский муниципальный округ|0,Котласский муниципальный округ,negative,Q3,2024-07-01,2024-08-01,2,3.2811448428385717,2.209505192813281,7.546633138528714,17.360116443742612,2024-08-01,-17.360116443742612,-7.546633138528714,3.2811448428385717,23279.0,28169.207165148946,0.9927360774818402,0.9055690072639225,0.914043583535109,0.9374495560936239,10,True,broad_local,4,Маркетплейсы,-4.807366630376489,-29.333465549559346,Маркетплейсы; Общественное питание; Продовольствие; Здоровье
Все категории|муниципальный округ Ольский|0|episode_2,Все категории|муниципальный округ Ольский|0,муниципальный округ Ольский,positive,Q5,2024-10-01,2024-12-01,3,3.4061645816455104,3.0434037698299305,12.262192493923838,14.268356512786395,2024-11-01,14.268356512786395,12.262192493923838,3.4061645816455104,43887.0,38406.95826852917,0.9939467312348669,0.8341404358353511,0.9830508474576272,0.9370460048426151,11,True,broad_local,4,Продовольствие,16.1331711363831,26.219753566794445,Продовольствие; Здоровье; Маркетплейсы; Транспорт
Все категории|Чеди-Хольский муниципальный район|0|episode_3,Все категории|Чеди-Хольский муниципальный район|0,Чеди-Хольский муниципальный район,negative,Q1,2024-10-01,2024-11-01,2,2.108183066926976,1.8110025021006018,4.638002747239347,22.635478164712662,2024-11-01,-22.635478164712662,-4.638002747239347,2.108183066926976,24245.0,31338.654236910726,0.9346246973365617,0.9552058111380145,0.914043583535109,0.9346246973365617,12,True,broad_local,4,Маркетплейсы,-5.459411536879696,-43.28961058232422,Маркетплейсы; Здоровье; Общественное питание; Транспорт
Все категории|Нижнеколымский муниципальный район|0|episode_1,Все категории|Нижнеколымский муниципальный район|0,Нижнеколымский муниципальный район,positive,Q5,2024-04-01,2024-06-01,3,1.9880821250620384,1.4510195938269799,7.157095650223338,17.542659465057064,2024-04-01,17.542659465057064,7.157095650223338,1.9880821250620384,53853.0,45815.70660821177,0.910411622276029,0.9067796610169492,0.9830508474576272,0.9334140435835351,13,True,sectoral,2,Продовольствие,9.640744285188822,19.085618263679716,Продовольствие; Маркетплейсы
Все категории|Улаганский муниципальный район|0|episode_2,Все категории|Улаганский муниципальный район|0,Улаганский муниципальный район,negative,Q3,2024-11-01,2024-12-01,2,2.6813702056750532,1.8486870168191207,6.1671514730526225,17.27928066996349,2024-11-01,-17.27928066996349,-6.1671514730526225,2.6813702056750532,27772.0,33573.20901574387,0.9806295399515739,0.9043583535108959,0.914043583535109,0.9330104923325262,14,True,broad_local,3,Маркетплейсы,-7.412537394729442,-33.472641287627106,Маркетплейсы; Транспорт; Общественное питание
Все категории|городской округ Анивский|0|episode_2,Все категории|городской округ Анивский|0,городской округ Анивский,positive,Q5,2024-10-01,2024-12-01,3,2.738807585670165,2.2738290017723135,9.859707308412593,13.814768520480625,2024-11-01,11.026048797793852,9.859707308412593,2.738807585670165,42288.0,38088.35895530877,0.9842615012106537,0.8208232445520581,0.9830508474576272,0.9293785310734464,15,True,broad_local,3,Общественное питание,9.246460560668968,23.30019004362127,Общественное питание; Продовольствие; Транспорт
Все категории|городской округ Смирныховский|0|episode_1,Все категории|городской округ Смирныховский|0,городской округ Смирныховский,positive,Q4,2024-04-01,2024-05-01,2,1.8803356551465487,1.5675700349810777,4.888872703381026,25.990935331873732,2024-04-01,25.990935331873732,4.888872703381026,1.8803356551465487,31302.0,24844.644511565177,0.8886198547215496,0.9818401937046005,0.914043583535109,0.9281678773204197,16,True,broad_local,3,Продовольствие,12.603937303517668,25.288705381112543,Продовольствие; Здоровье; Транспорт
Все категории|городской округ Южно-Курильский|0|episode_1,Все категории|городской округ Южно-Курильский|0,городской округ Южно-Курильский,positive,Q5,2024-09-01,2024-10-01,2,3.9127736163339937,2.5231316603529845,14.085985018802377,15.747439852708101,2024-10-01,15.747439852708101,14.085985018802377,3.9127736163339937,58772.0,50776.069064498566,0.9951573849878934,0.8753026634382567,0.914043583535109,0.9281678773204197,17,True,broad_local,4,Продовольствие,8.65216849562302,10.006767770843815,Продовольствие; Общественное питание; Транспорт; Здоровье
Все категории|городской округ Анивский|0|episode_1,Все категории|городской округ Анивский|0,городской округ Анивский,negative,Q5,2024-05-01,2024-08-01,4,2.2470008144797995,1.5563356666667514,8.089202932127279,14.37912158707011,2024-05-01,-14.37912158707011,-8.089202932127279,2.2470008144797995,39493.0,46125.43194141773,0.9443099273607748,0.8365617433414043,0.9969733656174334,0.9259483454398708,18,True,broad_local,4,Продовольствие,-12.74403617187292,-14.989851768786245,Продовольствие; Транспорт; Общественное питание; Здоровье
Все категории|Тигильский муниципальный район|0|episode_1,Все категории|Тигильский муниципальный район|0,Тигильский муниципальный район,positive,Q5,2024-06-01,2024-07-01,2,2.6276720617879645,2.5081013208054452,9.459619422436672,16.12571422978124,2024-06-01,16.12571422978124,9.459619422436672,2.6276720617879645,54701.0,47104.98476828446,0.9769975786924939,0.8837772397094431,0.914043583535109,0.9249394673123487,19,True,broad_local,3,Продовольствие,12.656020469668798,19.49323986804925,Продовольствие; Здоровье; Маркетплейсы
Все категории|Сарпинский муниципальный район|0|episode_1,Все категории|Сарпинский муниципальный район|0,Сарпинский муниципальный район,negative,Q1,2024-11-01,2024-12-01,2,2.1139816796998945,1.7482881521327451,4.650759695339768,18.769192189277916,2024-12-01,-18.769192189277916,-4.650759695339768,2.1139816796998945,23808.0,29309.07698896164,0.9358353510895884,0.9188861985472155,0.914043583535109,0.9229217110573043,20,True,sectoral,2,Маркетплейсы,-9.255530110719201,-35.85145397210078,Маркетплейсы; Продовольствие
Все категории|городской округ город Волгореченск|0|episode_2,Все категории|городской округ город Волгореченск|0,городской округ город Волгореченск,positive,Q3,2024-11-01,2024-12-01,2,2.5151714477561726,2.0382441613283357,5.784894329839196,15.906251523976334,2024-11-01,15.906251523976334,5.784894329839196,2.5151714477561726,26612.0,22959.934990646343,0.9661016949152542,0.8825665859564165,0.914043583535109,0.92090395480226,21,True,broad_local,4,Продовольствие,11.081354024304554,31.518947726525592,Продовольствие; Здоровье; Общественное питание; Транспорт
Все категории|Шимановский муниципальный округ|0|episode_1,Все категории|Шимановский муниципальный округ|0,Шимановский муниципальный округ,positive,Q4,2024-04-01,2024-05-01,2,1.7443804436359542,1.417692585742348,4.535389153453481,24.307015111038144,2024-04-01,24.307015111038144,4.535389153453481,1.7443804436359542,31452.0,25301.87051141504,0.8498789346246973,0.9733656174334141,0.914043583535109,0.9124293785310735,22,True,broad_local,5,Общественное питание,8.951724456194675,125.86705333290764,Общественное питание; Здоровье; Транспорт; Маркетплейсы; Продовольствие
Все категории|Кромской муниципальный район|0|episode_1,Все категории|Кромской муниципальный район|0,Кромской муниципальный район,negative,Q3,2024-05-01,2024-07-01,3,2.105295369300518,1.4910481781335625,4.842179349391191,13.212304949741672,2024-07-01,-13.212304949741672,-4.842179349391191,2.105295369300518,24756.0,28524.78105987712,0.9334140435835351,0.7966101694915254,0.9830508474576272,0.9043583535108959,23,True,broad_local,4,Здоровье,-5.006087000146186,-18.67689671971532,Здоровье; Транспорт; Продовольствие; Общественное питание
Все категории|Шимановский муниципальный округ|0|episode_3,Все категории|Шимановский муниципальный округ|0,Шимановский муниципальный округ,positive,Q4,2024-11-01,2024-12-01,2,2.6091120701439703,2.465368659115609,6.7836913823743235,13.833259074337345,2024-11-01,13.833259074337345,6.7836913823743235,2.6091120701439703,30417.0,26720.661647872672,0.9733656174334141,0.8220338983050848,0.914043583535109,0.9031476997578692,24,True,weak/mixed,0,,,,
Все категории|внутригородская территория города федерального значения поселение Киевский|0|episode_3,Все категории|внутригородская территория города федерального значения поселение Киевский|0,внутригородская территория города федерального значения поселение Киевский,positive,Q4,2024-11-01,2024-12-01,2,2.6875988856671387,1.942697679284326,6.987757102734561,13.500420487098319,2024-12-01,13.500420487098319,6.987757102734561,2.6875988856671387,43988.0,38755.803556692685,0.9818401937046005,0.8111380145278451,0.914043583535109,0.9023405972558516,25,True,sectoral,2,Маркетплейсы,18.858703654242643,55.04341249928579,Маркетплейсы; Продовольствие
Все категории|муниципальный округ Приуральский район|0|episode_1,Все категории|муниципальный округ Приуральский район|0,муниципальный округ Приуральский район,positive,Q5,2024-04-01,2024-05-01,2,1.8930020820748488,1.4713825168553523,6.814807495469456,16.706542194543438,2024-04-01,16.706542194543438,6.814807495469456,1.8930020820748488,43248.0,37057.04854823643,0.8910411622276029,0.8983050847457628,0.914043583535109,0.9011299435028248,26,True,broad_local,3,Продовольствие,5.868709820265749,11.631605001781264,Продовольствие; Общественное питание; Маркетплейсы
Все категории|Большеулуйский муниципальный район|0|episode_1,Все категории|Большеулуйский муниципальный район|0,Большеулуйский муниципальный район,positive,Q2,2024-04-01,2024-05-01,2,1.6363805923906025,1.3850660409338404,3.7636753624983856,22.5065687357654,2024-05-01,20.974816493418412,3.7636753624983856,1.6363805923906025,24034.0,19866.94478789109,0.8208232445520581,0.9527845036319612,0.914043583535109,0.8958837772397095,27,True,broad_local,4,Продовольствие,4.662521693673309,19.114999098491726,Продовольствие; Транспорт; Маркетплейсы; Общественное питание
Все категории|Кобяйский муниципальный район|0|episode_2,Все категории|Кобяйский муниципальный район|0,Кобяйский муниципальный район,positive,Q4,2024-11-01,2024-12-01,2,2.4423219419077027,1.9515553669822019,6.3500370489600275,12.816183816643246,2024-11-01,12.816183816643246,6.3500370489600275,2.4423219419077027,34015.0,30150.815999310485,0.9588377723970944,0.7832929782082324,0.914043583535109,0.8853914447134786,28,True,broad_local,3,Продовольствие,5.54362771831351,12.576397900129388,Продовольствие; Общественное питание; Транспорт
Все категории|Сямженский муниципальный округ|0|episode_1,Все категории|Сямженский муниципальный округ|0,Сямженский муниципальный округ,positive,Q2,2024-05-01,2024-06-01,2,1.614122307612484,1.5401963887045595,3.712481307508713,19.099273209322543,2024-06-01,15.519510717972329,3.712481307508713,1.614122307612484,24209.0,20956.633082617103,0.8099273607748184,0.9249394673123487,0.914043583535109,0.8829701372074253,29,True,sectoral,2,Транспорт,4.179608389522504,39.21478854977234,Транспорт; Продовольствие
Все категории|Тигильский муниципальный район|0|episode_2,Все категории|Тигильский муниципальный район|0,Тигильский муниципальный район,negative,Q5,2024-10-01,2024-12-01,3,2.4683793545009975,2.1232131472871845,8.886165676203591,11.308384086126766,2024-11-01,-11.308384086126766,-8.886165676203591,2.4683793545009975,51754.0,58352.75348941363,0.9612590799031477,0.6912832929782082,0.9830508474576272,0.8785310734463277,30,True,sectoral,2,Общественное питание,-11.299479426327586,-44.89237140156914,Общественное питание; Здоровье
Все категории|Шимановский муниципальный округ|0|episode_2,Все категории|Шимановский муниципальный округ|0,Шимановский муниципальный округ,negative,Q4,2024-08-01,2024-09-01,2,1.9775180509225374,1.8224525568180465,5.141546932398597,13.478649278422383,2024-09-01,-13.478649278422383,-5.141546932398597,1.9775180509225374,27163.0,31394.563045379968,0.9079903147699758,0.8087167070217918,0.914043583535109,0.8769168684422922,31,True,broad_local,3,Здоровье,-4.015860912607975,-15.733085374514866,Здоровье; Общественное питание; Маркетплейсы
Все категории|Северо-Енисейский муниципальный район|0|episode_1,Все категории|Северо-Енисейский муниципальный район|0,Северо-Енисейский муниципальный район,positive,Q5,2024-04-01,2024-05-01,2,1.745195874350516,1.5461248180370686,6.282705147661858,15.418554055068356,2024-04-01,15.418554055068356,6.282705147661858,1.745195874350516,39699.0,34395.683020824246,0.851089588377724,0.864406779661017,0.914043583535109,0.8765133171912832,32,True,broad_local,4,Транспорт,4.310503410473116,44.475793261362284,Транспорт; Общественное питание; Продовольствие; Здоровье
Все категории|Нижнеколымский муниципальный район|0|episode_3,Все категории|Нижнеколымский муниципальный район|0,Нижнеколымский муниципальный район,negative,Q5,2024-10-01,2024-11-01,2,2.9239461674364904,2.3456948220218576,10.526206202771366,11.558737474660209,2024-10-01,-11.558737474660209,-10.526206202771366,2.9239461674364904,54085.0,61153.58199969591,0.9891041162227603,0.7130750605326877,0.914043583535109,0.8720742534301856,33,True,broad_local,5,Продовольствие,-10.967331488195269,-12.38037132116354,Продовольствие; Общественное питание; Здоровье; Маркетплейсы; Транспорт
Все категории|Олюторский муниципальный район|0|episode_3,Все категории|Олюторский муниципальный район|0,Олюторский муниципальный район,positive,Q5,2024-08-01,2024-10-01,3,2.741577027474987,1.7807832983148817,9.869677298909954,10.53320063606662,2024-10-01,10.53320063606662,9.869677298909954,2.741577027474987,63480.0,57430.70827109179,0.9854721549636803,0.6198547215496368,0.9830508474576272,0.8627925746569814,34,True,sectoral,1,Общественное питание,13.08456852560756,35.17397723268461,Общественное питание
Все категории|Междуреченский муниципальный округ|0|episode_1,Все категории|Междуреченский муниципальный округ|0,Междуреченский муниципальный округ,positive,Q2,2024-04-01,2024-05-01,2,1.4351519625465943,1.3492107720350646,3.3008495138571665,23.92764274962382,2024-05-01,18.759336696364826,3.3008495138571665,1.4351519625465943,23413.0,19714.66046485309,0.6852300242130751,0.9673123486682809,0.914043583535109,0.8555286521388217,35,True,broad_local,4,Общественное питание,7.956906598998369,1459.9598167024046,Общественное питание; Маркетплейсы; Здоровье; Продовольствие
Все категории|Октябрьский муниципальный округ|0|episode_1,Все категории|Октябрьский муниципальный округ|0,Октябрьский муниципальный округ,positive,Q3,2024-04-01,2024-06-01,3,1.3592097888944288,1.1828901533708331,3.1261825144571858,22.82591577215505,2024-04-01,22.82591577215505,3.1261825144571858,1.3592097888944288,25531.0,20786.329855142787,0.6150121065375302,0.9564164648910412,0.9830508474576272,0.8514931396287327,36,True,weak/mixed,0,,,,
Все категории|городской округ Томаринский|0|episode_2,Все категории|городской округ Томаринский|0,городской округ Томаринский,positive,Q4,2024-08-01,2024-10-01,3,1.9719107806192582,1.3841926875954809,5.1269680296100715,11.059290256309584,2024-10-01,11.059290256309584,5.1269680296100715,1.9719107806192582,31447.0,28315.506003527164,0.9055690072639225,0.6610169491525424,0.9830508474576272,0.8498789346246974,37,True,broad_local,3,Маркетплейсы,4.153742473804007,52.8949478101552,Маркетплейсы; Здоровье; Продовольствие
Все категории|муниципальный округ Ольский|0|episode_1,Все категории|муниципальный округ Ольский|0,муниципальный округ Ольский,negative,Q5,2024-07-01,2024-08-01,2,2.1406241819037928,2.1213384428476867,7.706247054853654,11.291792575629545,2024-08-01,-11.291792575629545,-7.706247054853654,2.1406241819037928,43337.0,48853.42772476563,0.9382566585956417,0.6888619854721549,0.914043583535109,0.8470540758676353,38,True,broad_local,5,Общественное питание,-7.6090761914888905,-36.87082413322301,Общественное питание; Транспорт; Здоровье; Маркетплейсы; Продовольствие
Все категории|муниципальный район имени Полины Осипенко|0|episode_1,Все категории|муниципальный район имени Полины Осипенко|0,муниципальный район имени Полины Осипенко,positive,Q4,2024-08-01,2024-09-01,2,2.385376592331802,1.7277112095448706,6.201979140062686,11.04227513637943,2024-08-01,11.04227513637943,6.201979140062686,2.385376592331802,40161.0,36167.30650617094,0.9564164648910412,0.6598062953995157,0.914043583535109,0.8434221146085553,39,True,sectoral,2,Продовольствие,12.672628662903382,15.225294559798686,Продовольствие; Маркетплейсы
Все категории|Ононский муниципальный округ|0|episode_1,Все категории|Ононский муниципальный округ|0,Ононский муниципальный округ,positive,Q3,2024-09-01,2024-10-01,2,1.9231045541388496,1.5937505698225651,4.423140474519354,11.640078851148129,2024-09-01,11.640078851148129,4.423140474519354,1.9231045541388496,25351.0,22707.79478201639,0.8934624697336562,0.7179176755447942,0.914043583535109,0.8418079096045198,40,True,sectoral,1,Транспорт,2.285038223851177,10.658566354813415,Транспорт
