check,recorded_value,n_records
geo_match,exact,8
geo_match,not_established,2
time_match,inside_episode,3
time_match,not_established,2
time_match,near_peak,2
time_match,inside_episode_far_from_peak,1
time_match,2024_overlap_not_month_specific,1
time_match,inside_episode_near_peak,1
direction_consistency,not_testable,5
direction_consistency,plausible_positive,2
direction_consistency,weak_positive_plausibility,1
direction_consistency,plausible_negative,1
direction_consistency,inconsistent,1
category_consistency,broad_structural_pattern,3
category_consistency,unresolved,2
category_consistency,weak_for_broad_persistent_shock,1
category_consistency,partial,1
category_consistency,broad_but_indirect,1
category_consistency,partial_indirect,1
category_consistency,inconsistent_with_negative_shock,1
