episode_id,evidence_status,external_event_date,event_title,source_name,source_url,notes
Все категории|внутригородская территория города федерального значения поселение Киевский|0|episode_1,strong_match,2024-05-08,Законом Москвы от 8 мая 2024 года муниципальный округ Бекасово образован в ходе административно-территориальных преобразований с включением поселения Киевский.,Муниципальный округ Бекасово — историческая справка,https://mobekasovo.ru/city/history.php,"Episode апрель–август, peak — июнь. Реформа произошла внутри episode. Все 5 категорий имеют сильный согласованный сигнал. Это strong structural match, а не доказанный causal spending event."
Все категории|городской округ Мамоновский|0|episode_2,external_event_without_clear_link,2024-07-20,"20 июля 2024 года в Мамоново прошёл День города с праздничными, культурными и спортивными мероприятиями.",Большая районка — День города Мамоново,https://kaliningrad-vremya.ru/wp-content/uploads/2026/02/bolshaya_rayonka_no12_55_25_iyulya_2024.pdf,"Episode июль–сентябрь, peak — сентябрь. Краткое июльское событие плохо объясняет устойчивый broad_local shock по пяти категориям."
Все категории|Старошайговский муниципальный район|0|episode_1,no_clear_explanation,,"В фиксированном окне март–июнь 2024 не установлено локального события достаточной силы и качества источника, которое убедительно объясняло бы положительный episode Старошайговского района.",,,"Shock очень большой по magnitude, но профиль sectoral: Продовольствие и Маркетплейсы. Общерегиональные события не используются как доказательство для конкретного МО."
Все категории|внутригородская территория города федерального значения поселение Кокошкино|0|episode_1,strong_match,2024-05-08,Закон Москвы №13 от 8 мая 2024 года изменил границы муниципального округа Внуково с включением территории поселения Кокошкино.,Муниципальный округ Внуково — история района,https://www.munvnukovo.ru/mun-1/munokr/istoriya-rayona/,"Episode май–сентябрь, peak — июль. Реформа произошла в начале episode. Все 5 категорий имеют сильный сигнал. Это структурное совпадение, но не доказательство причинности."
Все категории|городской округ Макаровский|0|episode_2,possible_match,2024-10-23,В октябре 2024 года в Макарове готовился к открытию универсальный спорткомплекс с ледовой ареной; строительные работы находились на финальной стадии.,АСТВ — Новости Сахалинской области,https://www.astv.ru/news/society/2024-10-23-v-makarove-gotovyat-k-otkrytiyu-sportkompleks-s-ledovoj-arenoj,"Episode октябрь–ноябрь, peak — октябрь. Объект находится в точной географии и близко к peak month. Связь правдоподобна, но причинность не доказана."
Все категории|внутригородская территория города федерального значения поселение Щаповское|0|episode_1,strong_match,2024-05-08,Закон №13 изменил муниципальное устройство Новой Москвы; территория бывшего поселения Щаповское была распределена между новыми муниципальными образованиями.,Закон города Москвы от 08.05.2024 №13,https://www.mos.ru/upload/documents/docs/343/Zakon13-ajbn2.pdf,"Episode апрель–июнь, peak — июнь. Все 5 категорий сильные. Case важен как возможный structural break географически агрегированного ряда."
Все категории|городской округ город Коряжма|0|episode_2,possible_match,2024-12-15,"К середине декабря 2024 года мусоросортировочный комплекс в Коряжме достиг примерно 70% готовности; продолжались строительство, лицензирование и подбор более 100 сотрудников.",Архангельский Экологический Оператор,https://aeo29.ru/%D0%BC%D1%83%D1%81%D0%BE%D1%80%D0%BE%D1%81%D0%BE%D1%80%D1%82%D0%B8%D1%80%D0%BE%D0%B2%D0%BE%D1%87%D0%BD%D1%8B%D0%B9-%D0%BA%D0%BE%D0%BC%D0%BF%D0%BB%D0%B5%D0%BA%D1%81-%D0%B2-%D0%BA%D0%BE%D1%80%D1%8F/,"Episode ноябрь–декабрь, peak — декабрь. Проект совпадает по времени с shock, но начался раньше. 15 декабря — техническая дата для формулировки источника 'на середину декабря'."
Все категории|Бай-Тайгинский муниципальный район|0|episode_4,possible_match,,"Позднейшие судебные материалы подтверждают задолженности по заработной плате работников школы Бай-Тайгинского района за периоды, включающие 2024 год.",Бай-Тайгинский районный суд Республики Тыва,https://bai-taiginskiy--tva.sudrf.ru/modules.php?case_id=99450706&case_uid=88745386-30a6-4dc8-b996-b8367d95cae2&delo_id=1540005&name=sud_delo&name_op=case&srv_num=1,"Episode октябрь–ноябрь отрицательный. Задолженность по зарплате экономически согласуется с возможным снижением активности, но ретроспективный источник не позволяет установить начало проблемы именно в октябре–ноябре 2024. Поэтому event date пустая."
Все категории|городской округ город Волгореченск|0|episode_1,external_event_without_clear_link,2024-06-29,В конце июня 2024 года Волгореченск отметил 60-летие города и 55-летие пуска первого энергоблока Костромской ГРЭС.,Костромская областная Дума,https://www.kosoblduma.ru/press/article/Dvoiinoii_iubileii_01_07_2024.html,"Episode май–июль отрицательный, peak — июль. Массовое мероприятие находится рядом с peak, но плохо согласуется с широким снижением расходов."
Все категории|Котласский муниципальный округ|0|episode_1,no_clear_explanation,,"В фиксированном окне июнь–сентябрь 2024 не установлено локального подтверждённого события, которое убедительно объясняло бы отрицательный broad_local episode Котласского муниципального округа.",,,Отдельные природные риски и инфраструктурные новости не дают достаточного основания для причинной интерпретации.
