metric,value
monthly_signals,975.0
series_with_signals,546.0
shock_episodes,826.0
series_with_episodes,546.0
safe_category_alignment_episodes,776.0
episodes_with_main_driver,639.0
top40_broad_local,28.0
top40_sectoral,10.0
top40_weak_mixed,2.0
external_validation_cases,10.0
external_strong_match,3.0
external_possible_match,3.0
external_event_without_clear_link,2.0
external_no_clear_explanation,2.0
external_strong_match_pct,30.0
external_strong_or_possible_pct,60.0
external_event_identified_pct,80.0
