event_id,episode_id,priority_rank,series_id,mo,event_date,event_month,publication_date,publication_date_verified,event_type,source_class,source_name,source_url,source_confidence,shock_direction,category_consistency,geo_match,time_match,direction_consistency,evidence_status,is_retrospective_audit,event_summary
audit2024_top10_01,Все категории|внутригородская территория города федерального значения поселение Киевский|0|episode_1,1,Все категории|внутригородская территория города федерального значения поселение Киевский|0,внутригородская территория города федерального значения поселение Киевский,2024-05-08,2024-05-01,,False,administrative_reform,official_municipal,Муниципальный округ Бекасово — историческая справка,https://mobekasovo.ru/city/history.php,,positive,broad_structural_pattern,exact,inside_episode,not_testable,strong_match,True,Законом Москвы от 8 мая 2024 года муниципальный округ Бекасово образован в ходе административно-территориальных преобразований с включением поселения Киевский.
audit2024_top10_02,Все категории|городской округ Мамоновский|0|episode_2,2,Все категории|городской округ Мамоновский|0,городской округ Мамоновский,2024-07-20,2024-07-01,,False,city_event,local_press,Большая районка — День города Мамоново,https://kaliningrad-vremya.ru/wp-content/uploads/2026/02/bolshaya_rayonka_no12_55_25_iyulya_2024.pdf,,positive,weak_for_broad_persistent_shock,exact,inside_episode_far_from_peak,weak_positive_plausibility,external_event_without_clear_link,True,"20 июля 2024 года в Мамоново прошёл День города с праздничными, культурными и спортивными мероприятиями."
audit2024_top10_03,Все категории|Старошайговский муниципальный район|0|episode_1,3,Все категории|Старошайговский муниципальный район|0,Старошайговский муниципальный район,,,,False,unresolved,,,,,positive,unresolved,not_established,not_established,not_testable,no_clear_explanation,True,"В фиксированном окне март–июнь 2024 не установлено локального события достаточной силы и качества источника, которое убедительно объясняло бы положительный episode Старошайговского района."
audit2024_top10_04,Все категории|внутригородская территория города федерального значения поселение Кокошкино|0|episode_1,4,Все категории|внутригородская территория города федерального значения поселение Кокошкино|0,внутригородская территория города федерального значения поселение Кокошкино,2024-05-08,2024-05-01,,False,administrative_reform,official_municipal,Муниципальный округ Внуково — история района,https://www.munvnukovo.ru/mun-1/munokr/istoriya-rayona/,,positive,broad_structural_pattern,exact,inside_episode,not_testable,strong_match,True,Закон Москвы №13 от 8 мая 2024 года изменил границы муниципального округа Внуково с включением территории поселения Кокошкино.
audit2024_top10_05,Все категории|городской округ Макаровский|0|episode_2,5,Все категории|городской округ Макаровский|0,городской округ Макаровский,2024-10-23,2024-10-01,,False,infrastructure_completion,regional_media,АСТВ — Новости Сахалинской области,https://www.astv.ru/news/society/2024-10-23-v-makarove-gotovyat-k-otkrytiyu-sportkompleks-s-ledovoj-arenoj,,positive,partial,exact,near_peak,plausible_positive,possible_match,True,В октябре 2024 года в Макарове готовился к открытию универсальный спорткомплекс с ледовой ареной; строительные работы находились на финальной стадии.
audit2024_top10_06,Все категории|внутригородская территория города федерального значения поселение Щаповское|0|episode_1,6,Все категории|внутригородская территория города федерального значения поселение Щаповское|0,внутригородская территория города федерального значения поселение Щаповское,2024-05-08,2024-05-01,,False,administrative_reform,official_law,Закон города Москвы от 08.05.2024 №13,https://www.mos.ru/upload/documents/docs/343/Zakon13-ajbn2.pdf,,positive,broad_structural_pattern,exact,inside_episode,not_testable,strong_match,True,Закон №13 изменил муниципальное устройство Новой Москвы; территория бывшего поселения Щаповское была распределена между новыми муниципальными образованиями.
audit2024_top10_07,Все категории|городской округ город Коряжма|0|episode_2,7,Все категории|городской округ город Коряжма|0,городской округ город Коряжма,2024-12-15,2024-12-01,,False,infrastructure_construction,project_operator,Архангельский Экологический Оператор,https://aeo29.ru/%D0%BC%D1%83%D1%81%D0%BE%D1%80%D0%BE%D1%81%D0%BE%D1%80%D1%82%D0%B8%D1%80%D0%BE%D0%B2%D0%BE%D1%87%D0%BD%D1%8B%D0%B9-%D0%BA%D0%BE%D0%BC%D0%BF%D0%BB%D0%B5%D0%BA%D1%81-%D0%B2-%D0%BA%D0%BE%D1%80%D1%8F/,,positive,broad_but_indirect,exact,near_peak,plausible_positive,possible_match,True,"К середине декабря 2024 года мусоросортировочный комплекс в Коряжме достиг примерно 70% готовности; продолжались строительство, лицензирование и подбор более 100 сотрудников."
audit2024_top10_08,Все категории|Бай-Тайгинский муниципальный район|0|episode_4,8,Все категории|Бай-Тайгинский муниципальный район|0,Бай-Тайгинский муниципальный район,,,,False,public_sector_wage_arrears_retrospective,official_court_retrospective,Бай-Тайгинский районный суд Республики Тыва,https://bai-taiginskiy--tva.sudrf.ru/modules.php?case_id=99450706&case_uid=88745386-30a6-4dc8-b996-b8367d95cae2&delo_id=1540005&name=sud_delo&name_op=case&srv_num=1,,negative,partial_indirect,exact,2024_overlap_not_month_specific,plausible_negative,possible_match,True,"Позднейшие судебные материалы подтверждают задолженности по заработной плате работников школы Бай-Тайгинского района за периоды, включающие 2024 год."
audit2024_top10_09,Все категории|городской округ город Волгореченск|0|episode_1,9,Все категории|городской округ город Волгореченск|0,городской округ город Волгореченск,2024-06-29,2024-06-01,,False,city_anniversary,official_regional,Костромская областная Дума,https://www.kosoblduma.ru/press/article/Dvoiinoii_iubileii_01_07_2024.html,,negative,inconsistent_with_negative_shock,exact,inside_episode_near_peak,inconsistent,external_event_without_clear_link,True,В конце июня 2024 года Волгореченск отметил 60-летие города и 55-летие пуска первого энергоблока Костромской ГРЭС.
audit2024_top10_10,Все категории|Котласский муниципальный округ|0|episode_1,10,Все категории|Котласский муниципальный округ|0,Котласский муниципальный округ,,,,False,unresolved,,,,,negative,unresolved,not_established,not_established,not_testable,no_clear_explanation,True,"В фиксированном окне июнь–сентябрь 2024 не установлено локального подтверждённого события, которое убедительно объясняло бы отрицательный broad_local episode Котласского муниципального округа."
