episode_id,priority_rank,series_id,mo,start_month,end_month,peak_month,direction,n_signal_months,max_score_ratio,max_abs_surprise_pct,profile_type,n_interpretable_categories,main_driver,main_driver_z,supporting_categories,search_start,search_end,evidence_status,external_event_date,event_title,source_name,source_url,notes
Все категории|внутригородская территория города федерального значения поселение Киевский|0|episode_1,1,Все категории|внутригородская территория города федерального значения поселение Киевский|0,внутригородская территория города федерального значения поселение Киевский,2024-04-01,2024-08-01,2024-06-01,positive,5,4.834748100963201,37.15232786370726,broad_local,5,Продовольствие,13.577642271299643,Продовольствие; Общественное питание; Транспорт; Маркетплейсы; Здоровье,2024-03-01,2024-09-01,,,,,,
Все категории|городской округ Мамоновский|0|episode_2,2,Все категории|городской округ Мамоновский|0,городской округ Мамоновский,2024-07-01,2024-09-01,2024-09-01,positive,3,3.046008693248316,28.945555819468694,broad_local,5,Маркетплейсы,5.408221480234167,Маркетплейсы; Транспорт; Общественное питание; Продовольствие; Здоровье,2024-06-01,2024-10-01,,,,,,
Все категории|Старошайговский муниципальный район|0|episode_1,3,Все категории|Старошайговский муниципальный район|0,Старошайговский муниципальный район,2024-04-01,2024-05-01,2024-04-01,positive,2,2.963464631349357,55.751293601723596,sectoral,2,Продовольствие,4.706920169550299,Продовольствие; Маркетплейсы,2024-03-01,2024-06-01,,,,,,
Все категории|внутригородская территория города федерального значения поселение Кокошкино|0|episode_1,4,Все категории|внутригородская территория города федерального значения поселение Кокошкино|0,внутригородская территория города федерального значения поселение Кокошкино,2024-05-01,2024-09-01,2024-07-01,positive,5,2.6139992899092275,18.804461094606893,broad_local,5,Транспорт,6.264944890447336,Транспорт; Здоровье; Маркетплейсы; Общественное питание; Продовольствие,2024-04-01,2024-10-01,,,,,,
Все категории|городской округ Макаровский|0|episode_2,5,Все категории|городской округ Макаровский|0,городской округ Макаровский,2024-10-01,2024-11-01,2024-10-01,positive,2,3.9362469633047796,23.174084780829496,broad_local,4,Продовольствие,10.46080401546042,Продовольствие; Транспорт; Здоровье; Общественное питание,2024-09-01,2024-12-01,,,,,,
Все категории|внутригородская территория города федерального значения поселение Щаповское|0|episode_1,6,Все категории|внутригородская территория города федерального значения поселение Щаповское|0,внутригородская территория города федерального значения поселение Щаповское,2024-04-01,2024-06-01,2024-06-01,positive,3,2.0570755337970223,23.08228411957152,broad_local,5,Маркетплейсы,9.176107782434459,Маркетплейсы; Транспорт; Продовольствие; Общественное питание; Здоровье,2024-03-01,2024-07-01,,,,,,
Все категории|городской округ город Коряжма|0|episode_2,7,Все категории|городской округ город Коряжма|0,городской округ город Коряжма,2024-11-01,2024-12-01,2024-12-01,positive,2,4.147378289469516,21.589595346577894,broad_local,5,Продовольствие,19.752703627672613,Продовольствие; Здоровье; Транспорт; Общественное питание; Маркетплейсы,2024-10-01,2025-01-01,,,,,,
Все категории|Бай-Тайгинский муниципальный район|0|episode_4,8,Все категории|Бай-Тайгинский муниципальный район|0,Бай-Тайгинский муниципальный район,2024-10-01,2024-11-01,2024-10-01,negative,2,2.664314318856132,19.161783410331545,sectoral,2,Здоровье,-4.544529904519656,Здоровье; Транспорт,2024-09-01,2024-12-01,,,,,,
Все категории|городской округ город Волгореченск|0|episode_1,9,Все категории|городской округ город Волгореченск|0,городской округ город Волгореченск,2024-05-01,2024-07-01,2024-07-01,negative,3,2.559603267978932,15.521229042314443,broad_local,3,Продовольствие,-5.571244179820951,Продовольствие; Здоровье; Общественное питание,2024-04-01,2024-08-01,,,,,,
Все категории|Котласский муниципальный округ|0|episode_1,10,Все категории|Котласский муниципальный округ|0,Котласский муниципальный округ,2024-07-01,2024-08-01,2024-08-01,negative,2,3.2811448428385717,17.360116443742612,broad_local,4,Маркетплейсы,-4.807366630376489,Маркетплейсы; Общественное питание; Продовольствие; Здоровье,2024-06-01,2024-09-01,,,,,,
